"StudentName","email",
"Megha Rohankar","meghatayderohankar@gmail.com",
"Amit Tidke","amittidke1997@gmail.com",
"Suraj Belsare","suraj.belsare01@gmail.com",
"Rudresh Burghate","sbburghate80@gmail.com",
"Sarth Borade","captainsarth@gmail.com",
"Partiksha Datar","pratikshadatar26@gmail.com",
"Aniket Aghao .","aniketaghao@gmail.com",
