"StudentName","email",
"Sagar Paswan .","sagar.paswan300@gmail.com",
"Abhijit Karmakar .","karmakarabhijit73@gmail.com",
"Azahar Uddin .","mamunislam.malda@gmail.com",
"Neha Gupta .","neha.gupta9434@gmail.com",
"admin admin","malda6494@gmail.com",
"Mr. SUKANTO  SARKAR .","sukantosarkarjan17@gmail.com",
"Mr. KUNAL  CHATTERJEE .","kunal241199@gmail.com",
