"StudentName","email",
"ALIBAUG - RAIGAD Admin","siddeshambokar@gmail.com",
"Mr. PRANAY PALANDE .","palandepranay2699@gmail.com",
"MITESH MOKAL","mpmokal1999@gmail.com",
"KRANTI GADMALE","krantig02@gmail.com",
"NIKHIL SUDAKU","nikhilsudku@gmail.com",
"ADWAIT KADAM","adwait.kadam0@gmail.com",
"PRAJYOT MHATRE","prajyotmhatre.7@gmail.com",
